epoch,loss
0,1.3544
1,0.494114
2,0.366749
3,0.331216
4,0.245493
5,0.250976
6,0.20856
7,0.195597
8,0.202509
9,0.190986
10,0.195603
11,0.170732
12,0.147148
13,0.14232
14,0.163608
15,0.139968
16,0.126982
17,0.141028
18,0.129107
19,0.113578
20,0.130167
21,0.131443
22,0.125201
23,0.117013
24,0.127169
25,0.0994568
26,0.116511
27,0.124293
28,0.111908
29,0.0930628
30,0.0991381
31,0.0801093
32,0.0936141
33,0.0890301
34,0.0997204
35,0.0954805
36,0.109739
37,0.0950505
38,0.0854493
39,0.0977442
40,0.0915296
41,0.0838864
42,0.0825493
43,0.0883371
44,0.0834273
45,0.0843995
46,0.0902538
47,0.094457
48,0.0882322
49,0.0932079
50,0.0672513
51,0.0640685
52,0.0550158
53,0.0528465
54,0.050052
55,0.0492738
56,0.046412
57,0.0489194
58,0.0577167
59,0.043844
60,0.0401229
61,0.0513473
62,0.0491981
63,0.0637409
64,0.052181
65,0.0471745
66,0.0525396
67,0.0341448
68,0.051602
69,0.0389262
70,0.0440953
71,0.0543302
72,0.0491315
73,0.0464524
74,0.0473284
75,0.0572889
76,0.0541742
77,0.0524611
78,0.0474969
79,0.0471915
80,0.0402004
81,0.0428769
82,0.0417221
83,0.0411771
84,0.0519417
85,0.0442176
86,0.0321653
87,0.0380379
88,0.0469172
89,0.0518951
90,0.057929
91,0.0502825
92,0.0444899
93,0.034666
94,0.0501763
95,0.0540038
96,0.0438264
97,0.0452328
98,0.0417236
99,0.0359075
100,0.0331779
101,0.036608
102,0.0377755
103,0.0283201
104,0.0334798
105,0.0357686
106,0.0344185
107,0.0322977
108,0.0293658
109,0.0316145
110,0.0280329
111,0.031608
112,0.0306182
113,0.034772
114,0.0320826
115,0.0267499
116,0.0287525
117,0.0310799
118,0.0331759
119,0.02711
120,0.0428251
121,0.0316806
122,0.0267671
123,0.0314942
124,0.0300849
125,0.023881
126,0.0354003
127,0.0432677
128,0.0353824
129,0.0272132
130,0.0341373
131,0.0320916
132,0.0320738
133,0.0212687
134,0.0375206
135,0.0233069
136,0.0288187
137,0.0272545
138,0.0223447
139,0.038174
140,0.0275393
141,0.0246816
142,0.0317089
143,0.0310171
144,0.0347261
145,0.029237
146,0.0279135
147,0.0276114
148,0.0271031
149,0.0223906
150,0.0276814
151,0.0218152
152,0.023614
153,0.0243131
154,0.0306769
155,0.0253174
156,0.0261575
157,0.031577
158,0.0232771
159,0.0185473
160,0.0266416
161,0.0244398
162,0.0243083
163,0.0236683
164,0.0251578
165,0.0348897
166,0.0283551
167,0.0302609
168,0.0326856
169,0.0324112
170,0.0301403
171,0.023591
172,0.0223514
173,0.0221955
174,0.022417
175,0.0219004
176,0.027055
177,0.0243244
178,0.0307863
179,0.0268733
180,0.0261948
181,0.0274748
182,0.0241096
183,0.0175466
184,0.0251982
185,0.0230998
186,0.0237149
187,0.0282581
188,0.0171361
189,0.022202
190,0.0214518
191,0.0264901
192,0.0201829
193,0.021761
194,0.0220687
195,0.0200313
196,0.020291
197,0.019687
198,0.0184174
199,0.0269624
